category,url
Politics,https://crooksandliars.com/2025/08/gibberish-trump-unleashes-lie-filled-all
Politics,https://economictimes.indiatimes.com/news/politics-and-nation/bjp-dares-india-bloc-parties-to-dissolve-assemblies-in-states-ruled-by-them-if-ec-unfair/articleshow/123366569.cms
Politics,https://economictimes.indiatimes.com/news/politics-and-nation/karnataka-cm-siddaramaiah-accuses-eci-of-colluding-with-ruling-party-threatening-opposition/articleshow/123365845.cms
Politics,https://www.thestar.com.my/news/nation/2025/08/18/12-opposition-parties-form-a-loose-coalition-to-fight-for-people039s-issues
Politics,https://economictimes.indiatimes.com/news/india/seized-asset-investment-documents-after-raids-against-tn-minister-periyasamy-family-ed/articleshow/123364499.cms
Politics,https://www.nakedcapitalism.com/2025/08/links-8-18-2025.html
Politics,https://economictimes.indiatimes.com/news/elections/assembly-elections/bihar/congress-tells-ec-to-first-certify-voter-list-is-clean-before-it-files-affidavit-on-irregularities/articleshow/123362647.cms
Politics,https://economictimes.indiatimes.com/news/politics-and-nation/radhakrishnan-named-by-bjp-for-vp-office-eyeing-mileage-in-tamil-nadu-polls-alleges-dmk/articleshow/123361021.cms
Politics,https://www.rediff.com/sports/report/sports-bill-relaxes-rules-to-allow-fresh-faces-in-federations/20250818.htm
Politics,https://economictimes.indiatimes.com/news/sports/new-sports-bill-lowers-eligibility-rule-to-one-term-in-ec-for-nsf-leadership-aspirants/articleshow/123358860.cms
Politics,https://economictimes.indiatimes.com/news/politics-and-nation/opposition-protests-against-sir-in-parliament-complex/articleshow/123357958.cms
Politics,https://www.counterpunch.org/2025/08/18/the-geopolitics-of-the-great-man/
Politics,https://economictimes.indiatimes.com/news/elections/assembly-elections/bihar/sir-is-new-weapon-of-vote-chori-will-protect-one-person-one-vote-rahul-gandhi/articleshow/123357136.cms
Politics,https://economictimes.indiatimes.com/news/elections/assembly-elections/bihar/sir-is-new-weapon-of-vote-chori-will-protect-one-person-one-vote-rahul-gandhi/articleshow/123357084.cms
Politics,https://timesofindia.indiatimes.com/india/vice-presidential-elections-maharashtra-governor-radhakrishnan-is-ndas-pick-india-bloc-likely-discuss-its-candidate-in-todays-meeting/articleshow/123352324.cms
Politics,https://statetimes.in/names-of-65-lakh-voters-excluded-in-bihar-draft-roll-posted-on-district-websites/
Politics,https://crooksandliars.com/2025/08/trump-putin-told-me-big-lie-true
Politics,https://www.cbsnews.com/news/face-the-nation-full-transcript-08-17-2025/
Politics,https://economictimes.indiatimes.com/news/politics-and-nation/not-scared-of-ec-officials-poll-body-indulging-in-vote-chori-through-sir-rahul-gandhi/articleshow/123348168.cms
Politics,https://english.khabarhub.com/2025/17/491406/
Politics,https://indianexpress.com/article/cities/ahmedabad/disillusioned-with-aap-several-leaders-over-500-workers-join-congress-in-gujarat-10195102/
Politics,https://www.thehindubusinessline.com/news/national/cp-radhakrishnan-is-ndas-candidate-for-vice-president/article69944652.ece
Politics,https://www.thehindubusinessline.com/news/rahul-gandhi-spreading-lies-an-insult-to-constitution-cec-kumar/article69944331.ece
Politics,https://www.ndtvprofit.com/elections/cec-defends-sir-says-some-parties-spreading-misinformation-firing-from-ecs-shoulder
Politics,https://fpif.org/how-democracies-fade-and-why-america-should-pay-attention/
Politics,https://economictimes.indiatimes.com/news/politics-and-nation/united-india-bloc-will-dethrone-nda-govt-in-bihar-in-assembly-polls-lalu/articleshow/123344964.cms
Politics,https://economictimes.indiatimes.com/news/india/ex-cji-sanjeev-khanna-to-onoe-committee-constitutional-validity-does-not-mean-desirability/articleshow/123344778.cms
Politics,https://www.livemint.com/opinion/online-views/one-nation-one-election-gst-india-aadhaar-card-jee-exam-neet-exam-upsc-exam-parliamentary-system-constitution-modi-bjp-11755168356404.html
Politics,https://economictimes.indiatimes.com/news/politics-and-nation/will-not-let-conspiracy-to-steal-bihar-polls-through-sir-succeed-rahul-gandhi/articleshow/123344443.cms
Politics,https://economictimes.indiatimes.com/news/india/maharashtra-sec-asks-eci-to-delay-voter-roll-revision-until-after-local-body-elections/articleshow/123343391.cms
Politics,https://www.naturalnews.com/2025-08-17-trump-putin-meeting-in-alaska-historic-pivot.html
Politics,https://www.cnn.com/2025/08/16/asia/myanmar-election-atrocities-explainer-intl-hnk-dst
Politics,https://economictimes.indiatimes.com/news/politics-and-nation/election-commission-flags-key-hurdles-to-creating-a-common-electoral-roll/articleshow/123337011.cms
Politics,https://economictimes.indiatimes.com/news/politics-and-nation/ec-slams-parties-for-questioning-past-electoral-rolls-says-intervention-should-have-happened-during-claims-and-objections-period/articleshow/123335246.cms
Politics,https://economictimes.indiatimes.com/news/elections/assembly-elections/bihar/rahul-gandhi-to-launch-vote-adhikar-yara-in-bihar-from-aug-17-to-cover-more-than-20-district-in-14-days/articleshow/123334045.cms
Politics,https://economictimes.indiatimes.com/news/elections/assembly-elections/bihar/rahul-gandhi-to-launch-vote-adhikar-yara-in-bihar-from-aug-17-to-cover-more-than-20-district-in-14-days/articleshow/123333997.cms
Politics,https://economictimes.indiatimes.com/news/politics-and-nation/punjab-bjp-chief-seeks-ec-action-against-aaps-manish-sisodia-over-poll-remarks/articleshow/123333191.cms
Politics,https://www.thehindubusinessline.com/markets/nifty-may-swing-between-11-to-4-around-25000-amid-macro-uncertainty-report/article69939765.ece
Politics,https://timesofindia.indiatimes.com/india/aaps-student-wing-to-back-deserving-du-candidates-lacking-funds-for-union-polls/articleshow/123328710.cms
Politics,https://economictimes.indiatimes.com/opinion/et-editorial/arrey-bhai-why-have-days-that-are-dry/articleshow/123325569.cms
Politics,https://indianexpress.com/article/opinion/columns/pm-modi-independence-day-speech-indian-independence-10191511/
Politics,https://www.thenation.com/article/world/trump-putin-ukraine-russia-war-diplomacy/
Politics,https://www.thenation.com/?post_type=article&p=566707
Politics,https://economictimes.indiatimes.com/news/politics-and-nation/bjp-will-go-to-any-extent-of-immorality-to-remain-in-power-kharge/articleshow/123319395.cms
Politics,https://www.bbc.com/news/articles/cgln14jz1n1o
Politics,https://indianexpress.com/article/political-pulse/today-in-politics-narendra-modi-12th-independence-day-speech-focus-10190345/
Politics,https://thehillstimes.in/assam/40-years-on-implementation-of-assam-accord-remains-incomplete-claim-student-leaders-pol-parties
Politics,https://www.bostonherald.com/2025/08/14/taylor-swift-orange-era-explained/
Politics,https://www.nakedcapitalism.com/2025/08/in-latin-america-the-us-is-showing-what-the-future-world-order-might-look-like.html
Politics,https://statetimes.in/sc-seeks-centres-response-on-plea-for-restoring-jammu-kashmirs-statehood/
Politics,https://www.dw.com/en/why-is-indias-opposition-claiming-massive-vote-theft/a-73640874
Politics,https://economictimes.indiatimes.com/news/economy/foreign-trade/modi-heads-to-china-a-delicate-step-in-the-dragon-elephant-tango/articleshow/123301687.cms
Politics,https://www.newsweek.com/its-time-restore-american-leadership-international-religious-freedom-opinion-2112599
Politics,https://economictimes.indiatimes.com/industry/cons-products/fmcg/india-independence-2025-boroline-vadilal-rooh-afza-godrej-cipla-parle-g-born-before-indias-independence-7-desi-brands-that-we-keep-on-loving/articleshow/123300633.cms
Politics,https://economictimes.indiatimes.com/markets/stocks/news/sensex-and-nifty-ripe-for-a-short-term-rebound-says-jefferies-picks-8-stocks/articleshow/123300709.cms
Politics,https://www.thehindubusinessline.com/news/national/you-cannot-ignore-what-happened-in-pahalgam-supreme-court-on-the-plea-filed-seeking-restoration-of-statehood-of-jk/article69932164.ece
Politics,https://economictimes.indiatimes.com/news/india/give-proof-dont-use-dirty-phrases-like-vote-chori-ec/articleshow/123298136.cms
Politics,https://economictimes.indiatimes.com/news/india/you-cannot-ignore-what-happened-in-pahalgam-cji-observes-as-sc-seeks-centres-reply-on-jk-statehood-plea/articleshow/123296992.cms
Politics,https://economictimes.indiatimes.com/news/politics-and-nation/waging-direct-fight-against-vote-chori-from-bihars-soil-rahul-on-yatra/articleshow/123296829.cms
Politics,https://mypeoplesreview.com/2025/08/14/oli-vows-coalition-will-last-until-2027-touts-government-achievements/
Politics,https://economictimes.indiatimes.com/news/elections/assembly-elections/bihar/tejashwi-yadav-accuses-jdu-mlc-of-having-two-voter-id-cards/articleshow/123294778.cms
Politics,https://indianexpress.com/article/political-pulse/three-judge-sc-bench-hear-stray-dog-matter-cong-hold-protest-marches-against-vote-theft-10188054/
Politics,https://indianexpress.com/article/cities/delhi/bjp-leader-at-rwa-meet-one-nation-one-election-will-make-india-strong-trump-wont-be-able-to-make-false-claims-10187772/
Politics,https://thehillstimes.in/assam/81-new-villages-added-to-btc-final-poll-rolls
Politics,http://foreignpolicy.com/2025/08/13/modi-moment-reckoning-trump-tariffs-pakistan-conflict/
Politics,https://economictimes.indiatimes.com/news/politics-and-nation/oppn-backed-bjp-mp-rudy-wins-constitution-club-poll/articleshow/123289359.cms
Politics,https://economictimes.indiatimes.com/news/india/sc-to-hear-on-august-14-plea-for-restoring-jammu-kashmir-statehood/articleshow/123289053.cms
Politics,https://economictimes.indiatimes.com/news/politics-and-nation/petitioners-poll-panel-invoke-same-case-to-back-opposing-stands-during-ongoing-sir-debate-in-sc/articleshow/123288728.cms
Politics,https://freerepublic.com/focus/f-news/4334378/posts
Politics,https://www.thehindubusinessline.com/companies/united-spirits-q1-profit-dips-to-417-cr-net-sales-rises-on-ap-re-entry-and-sports-business-boost/article69929623.ece
Politics,https://www.thestar.com.my/news/world/2025/08/13/india039s-rahul-gandhi-says-he-will-challenge-039serious-discrepancies039-in-electoral-system
Politics,https://www.rediff.com/sports/report/curbs-on-sporting-engagements-standard-safeguard/20250813.htm
Politics,https://economictimes.indiatimes.com/news/india/sc-to-hear-on-aug-14-plea-for-restoring-jammu-kashmir-statehood/articleshow/123280643.cms
Politics,https://economictimes.indiatimes.com/news/india/former-chief-election-commissioner-rajiv-kumar-is-in-india-sources/articleshow/123276759.cms
Politics,https://www.cnbc.com/2025/08/13/white-house-tames-expectations-for-trump-putin-summit.html
Politics,https://www.eff.org/deeplinks/2025/08/podcast-episode-separating-ai-hope-ai-hype
Politics,https://mypeoplesreview.com/2025/08/13/marking-the-70th-anniversary-of-nepal-china-modern-diplomatic-ties/
Politics,https://www.bbc.com/news/articles/c0l6kg80de5o?xtor=AL-72-%5Bpartner%5D-%5Byahoo.north.america%5D-%5Bheadline%5D-%5Bnews%5D-%5Bbizdev%5D-%5Bisapi%5D
Politics,https://www.bbc.com/news/articles/c0l6kg80de5o
Politics,https://www.rediff.com/sports/report/this-act-will-ensure-that-our-athletes-are-clean/20250813.htm
Politics,https://www.rediff.com/sports/report/longstanding-demand-met-patel-on-sports-bill/20250813.htm
Politics,https://economictimes.indiatimes.com/news/politics-and-nation/bihar-election-eci-sir-two-epic-numbers-being-made-for-all-bjp-people-alleges-rjds-tejashwi-yadav-in-poll-bound-bihar/articleshow/123272360.cms
Politics,https://www.livemint.com/companies/bata-india-overhauls-strategy-amidst-stiff-competition-weak-demand-metro-store-expansion-floats-hush-puppies-inflatio-11755001186388.html
Politics,https://thehillstimes.in/national/bihar-sir-row-a-trust-deficit-issue-sc
Politics,https://www.yahoo.com/news/articles/us-report-says-india-acts-213432626.html
Politics,https://timesofindia.indiatimes.com/india/jpc-examining-2-bills-on-onoe-gets-extension-till-winter-session/articleshow/123266641.cms
Politics,https://economictimes.indiatimes.com/news/politics-and-nation/abhishek-banerjee-targets-pm-modi-over-electoral-roll/articleshow/123265822.cms
Politics,https://economictimes.indiatimes.com/news/new-updates/who-gave-priyanka-rahul-gandhi-the-right-minta-devi-slams-use-of-her-name-photo-in-voter-chori-protest-by-india-bloc/articleshow/123263164.cms
Politics,https://timesofindia.indiatimes.com/india/shah-sonia-kharge-vote-in-keenly-contested-constitution-club-election/articleshow/123262990.cms
Politics,https://www.thehindubusinessline.com/news/a-close-bjp-vs-bjp-contest-at-the-stately-constitution-club-of-india/article69925578.ece
Politics,https://www.thehindubusinessline.com/opinion/editorial/strategic-shift/article69924076.ece
Politics,https://economictimes.indiatimes.com/news/sports/timeline-of-a-national-sports-governance-bill-how-indias-landmark-sports-bill-took-shape/articleshow/123261342.cms
Politics,https://indianexpress.com/article/india/bihar-sir-roll-revision-citizenship-parliament-domain-eci-include-exclude-non-citizens-as-voters-sc-10184392/
Politics,https://economictimes.indiatimes.com/news/sports/bills-on-sports-will-help-sportsmen-improve-performance-in-sporting-events-globally-mandaviya/articleshow/123260711.cms
Sports,https://www.thestar.com.my/aseanplus/aseanplus-news/2025/08/18/asean-news-headlines-at-10pm-on-monday-aug-18-2025
Sports,https://mypeoplesreview.com/2025/08/18/fm-rana-stresses-connectivity-and-more-air-routes-for-nepal/
Sports,https://economictimes.indiatimes.com/news/new-updates/ambani-be-like-airtel-network-crashes-across-india-but-social-media-users-turn-outage-into-meme-festival/articleshow/123365250.cms
Sports,https://indianexpress.com/article/sports/cricket/shreyas-iyer-comeback-t20i-squad-india-asia-cup-squad-chopra-10196152/
Sports,https://www.forbes.com/sites/tristanlavalette/2025/08/18/zimbabwes-test-struggles-are-due-to-crickets-greed/
Sports,https://timesofindia.indiatimes.com/sports/cricket/news/aggressive-ayush-mhatre-hopes-leadership-will-help-his-game-blossom/articleshow/123355301.cms
Sports,https://economictimes.indiatimes.com/wealth/earn/with-us-tariff-war-disrupting-indian-job-market-heres-how-to-protect-your-job-through-smart-adapting/articleshow/123326035.cms
Sports,https://www.ndtvprofit.com/markets/stock-market-today-all-you-need-to-know-going-into-trade-on-aug-18-3
Sports,https://www.rediff.com/sports/report/pix-kolkata-bids-emotional-adieu-to-dr-vece-paes/20250817.htm
Sports,https://economictimes.indiatimes.com/news/politics-and-nation/who-is-cp-radhakrishnan-from-tiruppur-roots-to-ndas-vice-presidential-nominee-all-you-need-to-know/articleshow/123347210.cms
Sports,https://english.khabarhub.com/2025/17/491450/
Sports,https://www.sportskeeda.com/cricket/news-don-t-celebrate-hard-brett-lee-s-hilarious-take-team-india-star-s-fitness-eng-vs-ind-2025-series
Sports,https://www.channelnewsasia.com/sport/pakistan-ignore-babar-and-rizwan-asia-cup-5298701
Sports,https://www.syllad.com/royal-global-university-marks-79th-independence-day-vice-chancellor-stresses-technological-sovereignty/
Sports,https://indianexpress.com/article/sports/cricket/yograj-singh-urges-indian-odi-captain-to-play-for-five-more-years-rohit-will-be-my-man-10194305/
Sports,https://indianexpress.com/article/sports/cricket/pakistan-asia-cup-2025-squad-salman-agha-captain-team-list-10194310/
Sports,https://www.independent.ie/opinion/letters/letters-joanna-donnellys-case-shows-the-problem-with-bureaucracy/a83485012.html
Sports,https://economictimes.indiatimes.com/news/company/corporate-trends/from-wimbledon-to-f1-surprises-for-staff-bringing-their-a-game/articleshow/123338086.cms
Sports,https://indianexpress.com/article/sports/cricket/mohammad-kaif-india-asia-cup-team-prediction-surya-gill-10193373/
Sports,https://indianexpress.com/article/sports/cricket/no-one-is-indispensable-manjrekar-on-bumrah-india-vs-england-10193274/
Sports,https://economictimes.indiatimes.com/news/sports/serious-injury-replacement-bcci-introduces-new-playing-conditions-after-rishabh-pants-injury-during-england-series/articleshow/123334439.cms
Sports,https://www.techradar.com/streaming/entertainment/watch-australia-vs-south-africa-t20-series-2025
Sports,https://www.bbc.com/sport/cricket/articles/c860502g7dzo
Sports,https://www.thehindubusinessline.com/newsletter/nl-opinion/think-over-the-week/article69939816.ece
Sports,https://economictimes.indiatimes.com/news/india/indias-independence-day-celebrated-as-iconic-new-york-landmarks-lit-up-in-tricolour/articleshow/123329297.cms
Sports,https://www.abc.net.au/news/2025-08-16/former-australian-cricket-captain-bob-simpson-dies-aged-89/105662264
Sports,https://economictimes.indiatimes.com/news/india/pakistans-ayub-khan-sought-us-help-to-annexe-kashmir-after-indus-treaty-in-1960/articleshow/123326405.cms
Sports,https://economictimes.indiatimes.com/industry/services/advertising/asia-cup-sony-sets-top-ad-rates-for-india-pakistan-clash/articleshow/123326252.cms
Sports,https://economictimes.indiatimes.com/news/sports/the-odi-clock-is-ticking-for-indias-modern-greats/articleshow/123325791.cms
Sports,https://www.independent.ie/sport/other-sports/cricket/jacob-bethell-named-englands-youngest-ever-captain-as-squad-confirmed-for-t20-series-against-ireland-at-malahide/a756543777.html
Sports,https://www.rte.ie/sport/cricket/2025/0815/1528670-england-appoint-youngest-ever-captain-for-ireland-t20s/
Sports,https://indianexpress.com/article/sports/cricket/aaditya-thackeray-slams-bcci-india-vs-pakistan-asia-cup-10191682/
Sports,https://www.bbc.com/sport/cricket/articles/cx2pg9gq40po
Sports,https://www.bbc.com/sport/cricket/articles/c98ln56494vo
Sports,https://www.rediff.com/sports/report/independence-day-2025-manu-bhaker-national-anthem-tribute/20250815.htm
Sports,https://indianexpress.com/article/sports/cricket/virendar-sehwag-recalls-how-he-thought-of-retiring-from-odis-during-series-against-australia-in-2007-08-ms-dhoni-dropped-me-from-the-side-10190875/
Sports,https://www.rediff.com/sports/report/confirmed-lionel-messi-to-visit-india-in-december/20250815.htm
Sports,https://indianexpress.com/article/sports/cricket/australia-vs-south-africa-aus-vs-sa-live-cricket-score-streaming-3rd-t20i-10191129/
Sports,https://www.thehindubusinessline.com/news/sports/messis-india-tour-gets-final-seal-of-approval-first-stop-is-kolkata/article69936521.ece
Sports,https://indianexpress.com/article/sports/cricket/buchi-babu-trophy-2025-full-schedule-groups-squads-match-dates-10190959/
Sports,https://economictimes.indiatimes.com/news/sports/yastika-bhatia-radha-yadav-tanuja-kanwar-get-half-tons-as-india-a-clinch-thrilling-one-day-series-against-australia-a/articleshow/123319781.cms
Sports,https://economictimes.indiatimes.com/news/politics-and-nation/greed-for-money-stands-above-sacrifice-aaditya-thackeray-takes-jibe-at-bcci-for-playing-pakistan-in-asia-cup/articleshow/123319462.cms
Sports,https://indianexpress.com/article/sports/sport-others/bhutan-archery-league-higher-ticket-prices-money-ipl-epl-10190915/
Sports,https://economictimes.indiatimes.com/news/sports/heist-of-1983-ipl-and-dhonis-epic-triple-indias-greatest-cricketing-feats-in-post-independence-era/articleshow/123317110.cms
Sports,https://indianexpress.com/article/trending/trending-in-india/india-independence-day-2025-google-doodle-celebrate-cinema-sports-space-10190524/
Sports,https://economictimes.indiatimes.com/news/new-updates/cricket-chess-cinema-and-cosmos-google-doodle-joins-celebration-of-indias-independence-day/articleshow/123316484.cms
Sports,https://www.forbes.com/sites/vibhasratanjee/2025/08/14/culture-that-carries-leadership-lessons-from-indias-living-tapestry/
Sports,https://www.abc.net.au/news/2025-08-15/root-eyeing-end-to-ashes-century-win-drought-in-australia/105657102
Sports,http://hyperallergic.com/1034501/required-reading-746/
Sports,https://economictimes.indiatimes.com/tech/startups/easemytrip-board-approved-three-acquisitions-to-strengthen-strategic-presence/articleshow/123311671.cms
Sports,https://www.bbc.com/sport/cricket/articles/cpwyvy71k8ko
Sports,https://timesofindia.indiatimes.com/education/news/arjun-tendulkar-studied-in-this-school-tracing-his-education-cricketing-career-and-more/articleshow/123305638.cms
Sports,http://www.thefutoncritic.com/news/2025/08/14/prime-sports-unveils-inaugural-2025-26-nba-on-prime-schedule-423510/20250814amazon04/
Sports,https://www.rediff.com/sports/report/farewell-dr-vece-paes-hockey-great-sports-medicine-pioneer/20250814.htm
Sports,https://www.bbc.co.uk/iplayer/episode/m002hpmp/cricket-today-at-the-test-england-v-india-a-series-to-remember?at_medium=RSS&at_campaign=rss
Sports,https://www.forbes.com/sites/tristanlavalette/2025/08/14/washington-freedom-hope-to-have-home-cricket-ground-by-2026/
Sports,https://economictimes.indiatimes.com/news/sports/dr-vece-paes-the-hockey-olympian-who-shaped-indian-sport-long-after-his-playing-days-dies-at-80/articleshow/123298656.cms
Sports,https://timesofindia.indiatimes.com/sports/cricket/asia-cup/crickets-rs-1400-crore-question-should-india-even-play-pakistan-in-the-asia-cup/articleshow/123297833.cms
Sports,https://www.rediff.com/sports/report/the-passing-of-vece-paes-draws-curtains-on-a-great-era-of-hockey/20250814.htm
Sports,https://www.channelnewsasia.com/sport/root-plans-use-his-experience-end-ashes-win-drought-in-australia-5294146
Sports,https://economictimes.indiatimes.com/news/sports/olympic-hockey-bronze-medallist-and-sports-icon-dr-vece-paes-passes-away/articleshow/123295670.cms
Sports,https://www.forbes.com/sites/tristanlavalette/2025/08/13/potential-big-bash-league-privatization-sparks-major-interest-in-the-us/
Sports,https://economictimes.indiatimes.com/news/sports/test-format-needs-to-remain-viable-or-some-rivals-will-go-bankrupt-says-cricket-australia-ceo/articleshow/123293070.cms
Sports,https://sports.yahoo.com/article/cricket-australia-ceo-says-test-020315789.html
Sports,https://www.bbc.com/sport/cricket/articles/ckgd6glxnz2o
Sports,https://www.thestreet.com/crypto/markets/salman-khan-couldnt-save-indias-crypto-scene
Sports,https://economictimes.indiatimes.com/news/sports/back-in-action-virat-kohli-drops-teasing-hint-about-odi-comeback-before-indias-high-stakes-australia-series-in-october/articleshow/123286259.cms
Sports,https://anglotopia.net/columns/great-british-icons/great-british-icons-colemans-mustard/
Sports,https://indianexpress.com/article/sports/cricket/buchi-babu-invitational-tournament-state-teams-ranji-trophy-preparation-10187440/
Sports,https://www.livemint.com/industry/media/jiostar-colors-socially-rooted-stories-reality-shows-television-ott-gec-reliance-ip-sports18-disney-star-india-barc-11755075127879.html
Sports,https://indianexpress.com/article/news-today/ias-officer-to-classical-vocalist-how-kashish-mittals-rendition-of-a-nusrat-fateh-ali-ghazal-made-him-an-internet-sensation-10187095/
Sports,https://www.aljazeera.com/sports/2025/8/13/forcing-test-could-bankrupt-cricket-countries-australia-chief
Sports,https://economictimes.indiatimes.com/news/politics-and-nation/row-over-col-sofiya-qureshi-wg-cdr-vyomika-singh-appearing-on-kbc-ubt-leader-says-join-the-dots/articleshow/123280561.cms
Sports,https://www.bbc.com/sport/cricket/articles/c07pvyl5n1go
Sports,https://economictimes.indiatimes.com/news/sports/rohit-sharma-climbs-to-no-2-in-icc-odi-rankings-2025-shubman-gill-retains-top-spot/articleshow/123279716.cms
Sports,https://economictimes.indiatimes.com/magazines/panache/do-you-ride-elephants-to-school-to-how-many-gods-you-have-indian-woman-shares-the-strangest-questions-foreigners-ask-about-india/articleshow/123277307.cms
Sports,https://economictimes.indiatimes.com/industry/media/entertainment/ormax-media-launches-ott-sports-audience-tracker/articleshow/123276362.cms
Sports,https://timesofindia.indiatimes.com/sports/cricket/ipl/ipl-lsg-set-to-part-ways-with-zaheer-khan-new-mentor-to-hold-more-responsibilities/articleshow/123276288.cms
Sports,https://indianexpress.com/article/sports/cricket/washington-sundar-idolising-gautam-gambhir-ipl-india-vs-england-10186289/
Sports,https://indianexpress.com/article/sports/cricket/pakistan-92-all-out-biggest-defeat-west-indies-hope-seales-records-10185943/
Sports,https://indianexpress.com/article/sports/cricket/west-indies-no-longer-on-same-level-playing-field-brian-lara-10185320/
Sports,https://www.exchangewire.com/blog/2025/08/12/record-breaking-summer-of-sport-drives-readership-surge-for-uk-publications/
Sports,https://www.rediff.com/sports/report/parliament-passes-national-sports-bill-after-extensive-discussion/20250812.htm
Sports,https://economictimes.indiatimes.com/news/sports/binny-to-continue-as-bcci-president-till-agm-in-september-sources/articleshow/123258889.cms
Sports,https://economictimes.indiatimes.com/news/sports/national-sports-governance-bill-the-document-that-promises-to-change-indian-sports/articleshow/123258886.cms
Sports,https://economictimes.indiatimes.com/news/sports/yuvraj-singh-recalls-sachin-tendulkars-advise-that-changed-team-indias-fortunes-in-2011-world-cup/articleshow/123256884.cms
Sports,https://www.bbc.com/sport/cricket/articles/c207v31qwgwo
Sports,https://www.livemint.com/opinion/online-views/automobile-accident-fatalities-car-safety-features-self-driving-design-lightweight-vehicles-waymo-driverless-technology-11754923378249.html
Politics,https://www.activistpost.com/when-religious-mafia-rightwing-extremists-take-over-w-rollo-romig-the-chris-hedges-report/
Politics,https://economictimes.indiatimes.com/news/india/will-take-legal-course-if-film-is-stopped-vivek-agnihotri-on-release-of-the-bengal-files-in-wb/articleshow/123366239.cms
Politics,https://indianexpress.com/article/trending/trending-globally/new-zealand-pm-christopher-luxon-dances-to-dama-dam-mast-qalandar-independence-day-viral-video-10196789/
Politics,https://mypeoplesreview.com/2025/08/18/durga-prasai-announces-plan-to-form-a-political-party/
Politics,https://www.activistpost.com/doug-casey-on-the-china-hysteria-manufactured-threat-or-inevitable-rival/
Politics,https://fortune.com/2025/08/18/paramount-skydance-merger-pop-culture-politics-trump/
Politics,https://www.rediff.com/movies/column/sholay-still-speaks-to-indias-soul/20250818.htm
Politics,https://english.khabarhub.com/2025/18/490980/
Politics,https://indianexpress.com/article/political-pulse/lok-sabha-shubhanshu-shukla-pm-modi-meet-chinese-fm-india-visit-10195517/
Politics,https://economictimes.indiatimes.com/news/politics-and-nation/maharashtra-governor-radhakrishnan-a-bjp-veteran-from-tamil-nadu-named-ndas-vice-presidential-candidate/articleshow/123351106.cms
Politics,https://nypost.com/2025/08/17/opinion/the-rizz-kid-how-frank-meyer-a-campus-communist-turned-conservative-kingmaker-put-the-social-in-social-movement/
Politics,https://variety.com/2025/film/news/terence-stamp-dead-superman-1236491435/
Politics,https://www.thehindubusinessline.com/economy/pm-seeks-states-cooperation-in-proposed-gst-reforms/article69943823.ece
Politics,https://ritholtz.com/2025/08/10-sunday-reads-195/
Politics,https://www.nakedcapitalism.com/2025/08/the-straw-man-city-and-the-architecture-of-selective-small-government.html
Politics,https://www.msnbc.com/opinion/msnbc-opinion/trump-nobel-peace-prize-russia-ukraine-rcna225251
Politics,https://www.channelnewsasia.com/business/modis-tax-overhaul-strain-finances-boost-image-amid-us-trade-tensions-5298736
Politics,https://economictimes.indiatimes.com/news/international/world-news/pakistan-army-chief-asim-munir-rules-out-political-ambitions-says-god-made-him-a-protector/articleshow/123342837.cms
Politics,https://www.thehindubusinessline.com/economy/cii-poll-finds-clear-regulatory-directives-data-visibility-accurate-billing-key-to-success-of-smart-meter-roll-out-in-power-sector/article69943084.ece
Politics,https://www.livemint.com/companies/news/clear-regulatory-directives-data-visibility-accurate-billing-key-to-success-of-smart-meter-roll-out-in-power-sector-cii-poll-11755401432457.html
Politics,https://freerepublic.com/focus/f-bloggers/4334989/posts
Politics,https://oilprice.com/Alternative-Energy/Nuclear-Power/Global-Nuclear-Power-Hits-Record-High-as-Asia-Surges-Ahead.html
Politics,https://www.abc.net.au/news/2025-08-17/machete-attack-victim-gets-visa-extension/105654810
Politics,https://freerepublic.com/focus/f-bloggers/4334963/posts
Politics,https://www.cnn.com/2025/08/16/politics/donald-trump-putin-russia-war-analysis
Politics,https://statetimes.in/vajpayee-continues-to-inspire-everyone-in-building-developed-self-reliant-india-pm-modi/
Politics,https://www.salon.com/2025/08/16/toxic-algae-season-is-back-and-trump-has-cut-safeguards/
Politics,https://mondoweiss.net/2025/08/how-zionism-is-leading-the-reactionary-wave-worldwide/
Politics,https://economictimes.indiatimes.com/news/india/ncert-new-modules-blame-congress-for-partition-say-leaders-underestimated-jinnah-and-failed-to-foresee-horrors/articleshow/123331941.cms
Politics,https://www.latestly.com/entertainment/south/rajinikanths-coolie-kamal-haasans-vikram-vijays-leo-ranking-all-lokesh-kanagaraj-movies-from-worst-to-best-7053831.html
Politics,https://www.latestly.com/entertainment/bollywood/war-2-box-office-collection-hrithik-roshan-and-jr-ntrs-actioner-sees-slight-jump-on-day-2-crosses-inr-100-crore-mark-in-india-7061360.html
Politics,https://freerepublic.com/focus/f-bloggers/4334879/posts
Politics,https://indianexpress.com/article/political-pulse/opp-tejashwi-yadav-ec-deadline-two-epic-vote-theft-fake-voter-id-card-10192225/
Politics,https://indianexpress.com/article/opinion/editorials/express-view-on-pm-modis-independence-day-speech-hope-not-fear-10191904/
Politics,https://www.whats-on-netflix.com/news/running-point-season-2-everything-we-know-08-2025/
Politics,https://www.abc.net.au/news/2025-08-16/donald-trump-vladimir-putin-alaska-ukraine/105637696
Politics,https://www.forbes.com/sites/mikeosullivan/2025/08/15/stablecoinswill-they-last-and-can-they-reduce-the-debt/
Politics,https://www.latestly.com/entertainment/tv/kaun-banega-crorepati-17-independence-day-2025-special-what-did-indian-armed-forces-officers-colonel-sofiya-qureshi-wing-commander-vyomika-singh-and-commander-prerna-deosthalee-say-7060678.html
Politics,https://freerepublic.com/focus/f-news/4334769/posts
Politics,https://english.khabarhub.com/2025/15/490956/
Politics,http://foreignpolicy.com/2025/08/15/india-russia-oil-trump-tariffs-military/
Politics,https://oilprice.com/Energy/Energy-General/TrumpPutin-Meeting-Keeps-Oil-Markets-in-Wait-and-See-Mode.html
Politics,https://theconversation.com/south-africa-has-chosen-a-risky-approach-to-global-politics-3-steps-it-must-take-to-succeed-262370
Politics,https://www.foxnews.com/world/nato-defense-minister-signals-absolute-distrust-putin-wants-any-peace-deal-ahead-trump-summit
Politics,https://indianexpress.com/article/entertainment/bollywood/actress-kangana-ranaut-reveals-she-hiked-her-fees-after-tanu-weds-manu-2-manikarnika-10190948/
Politics,https://indianexpress.com/article/research/meet-sayadaw-u-ottama-a-buddhist-monk-who-fought-for-burmas-independence-10190925/
Politics,https://www.counterpunch.org/2025/08/15/putins-trump-summit-briefing/
Politics,https://economictimes.indiatimes.com/news/india/only-trump-knows-whats-next-ex-nsa-pankaj-saran-says-india-us-strain-part-of-global-disruption/articleshow/123317303.cms
Politics,https://economictimes.indiatimes.com/markets/expert-view/sonam-srivastavas-independence-day-guide-to-building-a-self-reliant-portfolio/articleshow/123317150.cms
Politics,https://www.lewrockwell.com/2025/08/doug-casey/china-hysteria-manufactured-threat-or-inevitable-rival/
Politics,https://economictimes.indiatimes.com/news/defence/engines-of-independence-why-the-heart-of-indias-fighter-jets-must-beat-at-home/articleshow/123308042.cms
Politics,https://post.rlsbb.cc/the-week-india-august-24-2025/
Politics,https://www.channelnewsasia.com/commentary/india-us-modi-trump-friendship-strained-ties-tariffs-pakistan-5294286
Politics,https://www.nbcnews.com/politics/politics-news/trumps-nobel-peace-prize-push-politics-desk-rcna225122
Politics,https://www.nbcnews.com/politics/donald-trump/trump-ramps-campaign-nobel-peace-prize-ahead-putin-meeting-rcna224554
Politics,https://www.local10.com//entertainment/2025/08/14/taylor-swifts-new-album-has-everyone-seeing-orange-an-exploration-of-the-color/
Politics,https://www.mcsweeneys.net/articles/july-2025-atrocities-314-364
Politics,https://www.thehindubusinessline.com/opinion/musings-78/article69933123.ece
Politics,https://www.project-syndicate.org/commentary/trump-tariffs-are-geopolitical-not-economic-by-carla-norrlof-2025-08
Politics,https://www.wonkette.com/p/white-house-launches-smithsonian
Politics,https://economictimes.indiatimes.com/news/economy/foreign-trade/trump-is-aiming-for-pakistan-style-compliance-from-india-but-his-plan-is-not-working/articleshow/123307193.cms
Politics,https://www.theatlantic.com/international/archive/2025/08/france-uk-australia-canada-palestine-state/683857/
Politics,https://www.newsweek.com/alaska-arctic-oil-gas-putin-trump-ukraine-war-2113437
Politics,https://journals.plos.org/plosone/article?id=10.1371/journal.pone.0329713
Politics,https://www.activistpost.com/cyprus-us-and-israel-clash-with-turkey-over-control-of-the-eastern-mediterranean/
Politics,https://www.dw.com/en/bayern-munich-and-rwanda-a-strategic-climbdown/a-73630410
Politics,https://indianexpress.com/article/opinion/columns/china-us-pakistan-why-questions-need-to-be-asked-about-indias-diplomacy-10188629/
Politics,https://www.indiancatholicmatters.org/freedom-as-god-intended-lessons-from-the-assumption/
Politics,https://economictimes.indiatimes.com/news/economy/foreign-trade/us-independence-day-wish-for-pakistan-may-have-a-hidden-message-for-india/articleshow/123298060.cms
Politics,https://iasbaba.com/2025/08/daily-current-affairs-ias-upsc-prelims-and-mains-exam-14th-august-2025/
Politics,https://indianexpress.com/article/opinion/columns/indias-higher-education-institutions-need-autonomy-depriving-it-will-accelerate-their-decline-10187630/
Politics,https://english.khabarhub.com/2025/14/490676/
Politics,https://decider.com/2025/08/13/saare-jahan-se-accha-the-silent-guardians-netflix-review/
